<?xml version="1.0" encoding="UTF-8"?>
<project-private xmlns="http://www.netbeans.org/ns/project-private/1">
    <editor-bookmarks xmlns="http://www.netbeans.org/ns/editor-bookmarks/2" lastBookmarkId="0"/>
    <open-files xmlns="http://www.netbeans.org/ns/projectui-open-files/2">
        <group>
            <file>file:/C:/Users/HP/Documents/NetBeansProjects/Login_registration/src/Registration.java</file>
            <file>file:/C:/Users/HP/Documents/NetBeansProjects/Login_registration/src/login_registration/Login_registration.java</file>
            <file>file:/C:/Users/HP/Documents/NetBeansProjects/Login_registration/src/Login_Rest.java</file>
            <file>file:/C:/Users/HP/Documents/NetBeansProjects/Login_registration/src/Images/login.png</file>
            <file>file:/C:/Users/HP/Documents/NetBeansProjects/Login_registration/src/dashboard.java</file>
        </group>
    </open-files>
</project-private>
